{"cameraMode":{"drawMode":0,"name":"Shaded","section":"Shading Mode"},"sceneLighting":true,"audioPlay":false,"sceneViewState":{"showFog":true,"showMaterialUpdate":false,"showSkybox":true,"showFlares":true,"showImageEffects":true,"showParticleSystems":true},"in2DMode":false,"pivot":{"x":99.0235366821289,"y":7.215729236602783,"z":17.76458740234375},"rotation":{"x":-0.0004684213490691036,"y":-0.9993521571159363,"z":0.00989023968577385,"w":-0.03720308095216751},"size":-7.095818996429443,"orthographic":false}