{"cameraMode":{"drawMode":0,"name":"Shaded","section":"Shading Mode"},"sceneLighting":true,"audioPlay":false,"sceneViewState":{"showFog":true,"showMaterialUpdate":false,"showSkybox":true,"showFlares":true,"showImageEffects":true,"showParticleSystems":true},"in2DMode":false,"pivot":{"x":92.5419921875,"y":15.548095703125,"z":26.20654296875},"rotation":{"x":0.03222454711794853,"y":-0.9677631855010986,"z":0.18450993299484254,"w":0.16891096532344819},"size":18.252071380615236,"orthographic":true}