{"cameraMode":{"drawMode":0,"name":"Shaded","section":"Shading Mode"},"sceneLighting":true,"audioPlay":false,"sceneViewState":{"showFog":true,"showMaterialUpdate":false,"showSkybox":true,"showFlares":true,"showImageEffects":true,"showParticleSystems":true},"in2DMode":false,"pivot":{"x":91.43594360351563,"y":-4.743846893310547,"z":-36.15703582763672},"rotation":{"x":0.0242416150867939,"y":-0.9737606048583984,"z":0.1886870563030243,"w":0.12512512505054475},"size":35.4151611328125,"orthographic":false}