{"cameraMode":{"drawMode":0,"name":"Shaded","section":"Shading Mode"},"sceneLighting":true,"audioPlay":false,"sceneViewState":{"showFog":true,"showMaterialUpdate":false,"showSkybox":true,"showFlares":true,"showImageEffects":true,"showParticleSystems":true},"in2DMode":false,"pivot":{"x":80.19145965576172,"y":11.5101900100708,"z":-23.104896545410158},"rotation":{"x":0.04742481932044029,"y":0.8635250926017761,"z":-0.08261360228061676,"w":0.49532991647720339},"size":1.3808720111846924,"orthographic":false}