{"cameraMode":{"drawMode":0,"name":"Shaded","section":"Shading Mode"},"sceneLighting":true,"audioPlay":false,"sceneViewState":{"showFog":true,"showMaterialUpdate":false,"showSkybox":true,"showFlares":true,"showImageEffects":true,"showParticleSystems":true},"in2DMode":false,"pivot":{"x":71.75883483886719,"y":16.659183502197267,"z":-47.154441833496097},"rotation":{"x":0.03596195951104164,"y":-0.9606378078460693,"z":0.2314465194940567,"w":0.14993201196193696},"size":21.967517852783204,"orthographic":false}