{"cameraMode":{"drawMode":0,"name":"Shaded","section":"Shading Mode"},"sceneLighting":false,"audioPlay":false,"sceneViewState":{"showFog":true,"showMaterialUpdate":false,"showSkybox":false,"showFlares":true,"showImageEffects":true,"showParticleSystems":true},"in2DMode":false,"pivot":{"x":49.711204528808597,"y":1.9469432830810547,"z":55.13429641723633},"rotation":{"x":0.20458175241947175,"y":-0.058395832777023318,"z":0.012170560657978058,"w":0.9770686030387878},"size":17.349056243896486,"orthographic":false}