{"cameraMode":{"drawMode":0,"name":"Shaded","section":"Shading Mode"},"sceneLighting":false,"audioPlay":false,"sceneViewState":{"showFog":true,"showMaterialUpdate":false,"showSkybox":false,"showFlares":true,"showImageEffects":true,"showParticleSystems":true},"in2DMode":false,"pivot":{"x":92.1023178100586,"y":1.0663790702819825,"z":38.77521896362305},"rotation":{"x":0.009208502247929573,"y":-0.991552472114563,"z":0.10383740812540055,"w":0.08070828765630722},"size":1.4064289331436158,"orthographic":false}