{"cameraMode":{"drawMode":0,"name":"Shaded","section":"Shading Mode"},"sceneLighting":false,"audioPlay":false,"sceneViewState":{"showFog":true,"showMaterialUpdate":false,"showSkybox":true,"showFlares":true,"showImageEffects":true,"showParticleSystems":true},"in2DMode":false,"pivot":{"x":94.28910064697266,"y":0.8224219083786011,"z":35.78619384765625},"rotation":{"x":-0.020460540428757669,"y":-0.9756549000740051,"z":0.10587325692176819,"w":-0.19323435425758363},"size":3.66860032081604,"orthographic":false}