{"cameraMode":{"drawMode":0,"name":"Shaded","section":"Shading Mode"},"sceneLighting":false,"audioPlay":false,"sceneViewState":{"showFog":true,"showMaterialUpdate":false,"showSkybox":false,"showFlares":true,"showImageEffects":true,"showParticleSystems":true},"in2DMode":false,"pivot":{"x":486.175048828125,"y":62.12959671020508,"z":523.7971801757813},"rotation":{"x":0.02884630300104618,"y":-0.9273620843887329,"z":0.07240518927574158,"w":0.366757333278656},"size":32.619659423828128,"orthographic":false}