{"cameraMode":{"drawMode":0,"name":"Shaded","section":"Shading Mode"},"sceneLighting":true,"audioPlay":false,"sceneViewState":{"showFog":true,"showMaterialUpdate":false,"showSkybox":true,"showFlares":true,"showImageEffects":true,"showParticleSystems":true},"in2DMode":false,"pivot":{"x":95.43000030517578,"y":9.470000267028809,"z":-2.9200003147125246},"rotation":{"x":0.1609002947807312,"y":-0.6570003032684326,"z":0.14646048843860627,"w":0.7219544053077698},"size":2.9800477027893068,"orthographic":false}