{"cameraMode":{"drawMode":0,"name":"Shaded","section":"Shading Mode"},"sceneLighting":false,"audioPlay":false,"sceneViewState":{"showFog":true,"showMaterialUpdate":false,"showSkybox":false,"showFlares":true,"showImageEffects":true,"showParticleSystems":true},"in2DMode":false,"pivot":{"x":49.17095947265625,"y":2.1478164196014406,"z":-40.30549240112305},"rotation":{"x":-0.14087282121181489,"y":0.233360156416893,"z":-0.03446027263998985,"w":-0.9618317484855652},"size":14.698590278625489,"orthographic":true}