{"cameraMode":{"drawMode":0,"name":"Shaded","section":"Shading Mode"},"sceneLighting":false,"audioPlay":false,"sceneViewState":{"showFog":true,"showMaterialUpdate":false,"showSkybox":false,"showFlares":true,"showImageEffects":true,"showParticleSystems":true},"in2DMode":false,"pivot":{"x":156.36212158203126,"y":17.320384979248048,"z":-8.102004051208496},"rotation":{"x":0.1045050323009491,"y":-0.6471590399742127,"z":0.0894910991191864,"w":0.7500897645950317},"size":10.809318542480469,"orthographic":false}