{"cameraMode":{"drawMode":0,"name":"Shaded","section":"Shading Mode"},"sceneLighting":false,"audioPlay":false,"sceneViewState":{"showFog":true,"showMaterialUpdate":false,"showSkybox":false,"showFlares":true,"showImageEffects":true,"showParticleSystems":true},"in2DMode":false,"pivot":{"x":-6.470008850097656,"y":35.98228454589844,"z":12.534645080566407},"rotation":{"x":-0.05624732747673988,"y":0.9181027412414551,"z":-0.1410091370344162,"w":-0.3661888539791107},"size":7.462101459503174,"orthographic":false}