{"cameraMode":{"drawMode":0,"name":"Shaded","section":"Shading Mode"},"sceneLighting":false,"audioPlay":false,"sceneViewState":{"showFog":true,"showMaterialUpdate":false,"showSkybox":true,"showFlares":true,"showImageEffects":true,"showParticleSystems":true},"in2DMode":false,"pivot":{"x":74.60491180419922,"y":-0.6593284606933594,"z":31.1485538482666},"rotation":{"x":0.18912959098815919,"y":-0.13232401013374329,"z":0.025754481554031373,"w":0.9729574918746948},"size":30.39714241027832,"orthographic":false}