{"cameraMode":{"drawMode":0,"name":"Shaded","section":"Shading Mode"},"sceneLighting":false,"audioPlay":false,"sceneViewState":{"showFog":true,"showMaterialUpdate":false,"showSkybox":false,"showFlares":true,"showImageEffects":true,"showParticleSystems":true},"in2DMode":false,"pivot":{"x":149.57701110839845,"y":123.21076202392578,"z":-635.8115234375},"rotation":{"x":-0.05942763760685921,"y":0.9326148629188538,"z":-0.18071410059928895,"w":-0.306683748960495},"size":59.950538635253909,"orthographic":false}