{"cameraMode":{"drawMode":0,"name":"Shaded","section":"Shading Mode"},"sceneLighting":false,"audioPlay":false,"sceneViewState":{"showFog":true,"showMaterialUpdate":false,"showSkybox":false,"showFlares":true,"showImageEffects":true,"showParticleSystems":true},"in2DMode":false,"pivot":{"x":95.43000030517578,"y":5.670000076293945,"z":-2.9200000762939455},"rotation":{"x":0.26620954275131228,"y":-0.32471680641174319,"z":0.09579940140247345,"w":0.9026262164115906},"size":5.112730026245117,"orthographic":false}