{"cameraMode":{"drawMode":0,"name":"Shaded","section":"Shading Mode"},"sceneLighting":false,"audioPlay":false,"sceneViewState":{"showFog":true,"showMaterialUpdate":false,"showSkybox":true,"showFlares":true,"showImageEffects":true,"showParticleSystems":true},"in2DMode":false,"pivot":{"x":94.30912017822266,"y":2.012726306915283,"z":38.145851135253909},"rotation":{"x":-0.043592773377895358,"y":-0.9561924338340759,"z":0.2278730422258377,"w":-0.1818503737449646},"size":11.161069869995118,"orthographic":false}