{"cameraMode":{"drawMode":0,"name":"Shaded","section":"Shading Mode"},"sceneLighting":false,"audioPlay":false,"sceneViewState":{"showFog":true,"showMaterialUpdate":false,"showSkybox":true,"showFlares":true,"showImageEffects":true,"showParticleSystems":true},"in2DMode":false,"pivot":{"x":80.55984497070313,"y":-0.10641098022460938,"z":5.771217346191406},"rotation":{"x":0.009856952354311943,"y":-0.990322470664978,"z":0.10075384378433228,"w":0.09595700353384018},"size":61.489131927490237,"orthographic":false}