{"cameraMode":{"drawMode":0,"name":"Shaded","section":"Shading Mode"},"sceneLighting":false,"audioPlay":false,"sceneViewState":{"showFog":true,"showMaterialUpdate":false,"showSkybox":true,"showFlares":true,"showImageEffects":true,"showParticleSystems":true},"in2DMode":false,"pivot":{"x":106.40997314453125,"y":7.959565162658691,"z":8.159687042236329},"rotation":{"x":0.0017375799361616374,"y":-0.9899977445602417,"z":-0.016433749347925187,"w":-0.14485135674476624},"size":29.78508758544922,"orthographic":false}