{"cameraMode":{"drawMode":0,"name":"Shaded","section":"Shading Mode"},"sceneLighting":false,"audioPlay":false,"sceneViewState":{"showFog":true,"showMaterialUpdate":false,"showSkybox":true,"showFlares":true,"showImageEffects":true,"showParticleSystems":true},"in2DMode":false,"pivot":{"x":66.37936401367188,"y":-28.904903411865236,"z":-20.4825439453125},"rotation":{"x":0.08258013427257538,"y":-0.9123314023017883,"z":0.3309670686721802,"w":0.22775912284851075},"size":66.07278442382813,"orthographic":false}