{"cameraMode":{"drawMode":0,"name":"Shaded","section":"Shading Mode"},"sceneLighting":false,"audioPlay":false,"sceneViewState":{"showFog":true,"showMaterialUpdate":false,"showSkybox":false,"showFlares":true,"showImageEffects":true,"showParticleSystems":true},"in2DMode":false,"pivot":{"x":64.23056030273438,"y":0.6261806488037109,"z":-36.183990478515628},"rotation":{"x":0.019376495853066446,"y":0.979292631149292,"z":-0.11209715157747269,"w":0.167855367064476},"size":21.316574096679689,"orthographic":false}