{"cameraMode":{"drawMode":0,"name":"Shaded","section":"Shading Mode"},"sceneLighting":false,"audioPlay":false,"sceneViewState":{"showFog":true,"showMaterialUpdate":false,"showSkybox":false,"showFlares":true,"showImageEffects":true,"showParticleSystems":true},"in2DMode":false,"pivot":{"x":55.49699020385742,"y":1.241581916809082,"z":49.10773849487305},"rotation":{"x":0.0932326391339302,"y":0.39178553223609927,"z":-0.04101378470659256,"w":0.9147437214851379},"size":13.331841468811036,"orthographic":false}