{"cameraMode":{"drawMode":0,"name":"Shaded","section":"Shading Mode"},"sceneLighting":false,"audioPlay":false,"sceneViewState":{"showFog":true,"showMaterialUpdate":false,"showSkybox":false,"showFlares":true,"showImageEffects":true,"showParticleSystems":true},"in2DMode":false,"pivot":{"x":14.060905456542969,"y":4.4780778884887699,"z":7.270819187164307},"rotation":{"x":-0.2134021371603012,"y":-0.5628463625907898,"z":0.15278512239456178,"w":-0.7841237187385559},"size":4.71003532409668,"orthographic":false}