{"cameraMode":{"drawMode":0,"name":"Shaded","section":"Shading Mode"},"sceneLighting":true,"audioPlay":false,"sceneViewState":{"showFog":true,"showMaterialUpdate":false,"showSkybox":true,"showFlares":true,"showImageEffects":true,"showParticleSystems":true},"in2DMode":false,"pivot":{"x":100.7166519165039,"y":4.588039398193359,"z":-15.502174377441407},"rotation":{"x":-0.1778765767812729,"y":-0.5121144652366638,"z":0.10930327326059342,"w":-0.8332387804985046},"size":3.3799984455108644,"orthographic":false}