{"cameraMode":{"drawMode":0,"name":"Shaded","section":"Shading Mode"},"sceneLighting":false,"audioPlay":false,"sceneViewState":{"showFog":true,"showMaterialUpdate":false,"showSkybox":true,"showFlares":true,"showImageEffects":true,"showParticleSystems":true},"in2DMode":false,"pivot":{"x":83.40220642089844,"y":-12.820075988769532,"z":-37.0333366394043},"rotation":{"x":0.031527306884527209,"y":-0.9681775569915772,"z":0.1927294284105301,"w":0.15835696458816529},"size":30.670392990112306,"orthographic":false}