{"cameraMode":{"drawMode":0,"name":"Shaded","section":"Shading Mode"},"sceneLighting":false,"audioPlay":false,"sceneViewState":{"showFog":true,"showMaterialUpdate":false,"showSkybox":false,"showFlares":true,"showImageEffects":true,"showParticleSystems":true},"in2DMode":false,"pivot":{"x":94.30844116210938,"y":4.675624847412109,"z":-8.729999542236329},"rotation":{"x":0.08262952417135239,"y":-0.8677173256874085,"z":0.1541667878627777,"w":0.46538883447647097},"size":5.11190128326416,"orthographic":false}