{"cameraMode":{"drawMode":0,"name":"Shaded","section":"Shading Mode"},"sceneLighting":false,"audioPlay":false,"sceneViewState":{"showFog":true,"showMaterialUpdate":false,"showSkybox":false,"showFlares":true,"showImageEffects":true,"showParticleSystems":true},"in2DMode":false,"pivot":{"x":98.20284271240235,"y":20.410873413085939,"z":-45.601741790771487},"rotation":{"x":0.1052308902144432,"y":0.8393509984016419,"z":-0.17488251626491548,"w":0.5042883157730103},"size":49.70560836791992,"orthographic":false}