{"cameraMode":{"drawMode":0,"name":"Shaded","section":"Shading Mode"},"sceneLighting":false,"audioPlay":false,"sceneViewState":{"showFog":true,"showMaterialUpdate":false,"showSkybox":false,"showFlares":true,"showImageEffects":true,"showParticleSystems":true},"in2DMode":false,"pivot":{"x":71.92935180664063,"y":1.8552589416503907,"z":-36.55754470825195},"rotation":{"x":-0.11700010299682617,"y":0.7397133708000183,"z":-0.13360120356082917,"w":-0.6494142413139343},"size":3.2075035572052,"orthographic":false}