{"cameraMode":{"drawMode":0,"name":"Shaded","section":"Shading Mode"},"sceneLighting":false,"audioPlay":false,"sceneViewState":{"showFog":true,"showMaterialUpdate":false,"showSkybox":false,"showFlares":true,"showImageEffects":true,"showParticleSystems":true},"in2DMode":false,"pivot":{"x":43.653587341308597,"y":5.054813385009766,"z":59.979888916015628},"rotation":{"x":0.09911879152059555,"y":0.8983214497566223,"z":-0.2600962221622467,"w":0.34063440561294558},"size":6.734895706176758,"orthographic":false}