{"cameraMode":{"drawMode":0,"name":"Shaded","section":"Shading Mode"},"sceneLighting":false,"audioPlay":false,"sceneViewState":{"showFog":true,"showMaterialUpdate":false,"showSkybox":false,"showFlares":true,"showImageEffects":true,"showParticleSystems":true},"in2DMode":false,"pivot":{"x":49.17095947265625,"y":2.1478164196014406,"z":-40.30549240112305},"rotation":{"x":-0.05651649832725525,"y":0.9025413393974304,"z":-0.1254570633172989,"w":-0.40877270698547366},"size":11.369386672973633,"orthographic":true}